class,clssize,SelectionProb,SamplingWeight,JtProb_1,JtProb_2,JtProb_3,JtProb_4,JtProb_5
4,22,0.17002,5.88182,0,0.03726,0.04822,0.05482,0.11782
10,34,0.26275,3.80588,0.03726,0,0.0769,0.08722,0.18341
1,44,0.34003,2.94091,0.04822,0.0769,0,0.11647,0.23922
9,54,0.41731,2.3963,0.05482,0.08722,0.11647,0,0.31248
14,100,0.7728,1.294,0.11782,0.18341,0.23922,0.31248,0
